Sinusoid 1,Sinusoid 2,Sinusoid 3,Sinusoid 4,Sinusoid 5,Sinusoid 6,Sinusoid 7,Sinusoid 8,Sinusoid 9,Sinusoid 10,Sinusoid 11,Sinusoid 12,Sinusoid 13,Sinusoid 14,Sinusoid 15,Sinusoid 16,Sinusoid 17,Sinusoid 18,Sinusoid 19,Sinusoid 20,Exponential 1,Exponential 2,Exponential 3,Exponential 4,Exponential 5,Exponential 6,Exponential 7,Exponential 8,Exponential 9,Exponential 10,Exponential 11,Exponential 12,Exponential 13,Exponential 14,Exponential 15,Exponential 16,Exponential 17,Exponential 18,Exponential 19,Exponential 20,Random Function 1,Random Function 2,Random Function 3,Random Function 4,Random Function 5,Random Function 6,Random Function 7,Random Function 8,Random Function 9,Random Function 10,Random Function 11,Random Function 12,Random Function 13,Random Function 14,Random Function 15,Random Function 16,Random Function 17,Random Function 18,Random Function 19,Random Function 20
-0.05061073738801009,-0.10566930894923306,0.014289269873286634,-0.03770049511261626,0.037385628338086965,-0.15177094661983898,0.025131914718159128,0.0730775585386008,0.02542572401846517,0.056694302881463286,-0.09239012506018908,-0.1959087183528943,0.030590393635821996,0.09948860855405746,0.13698779735593186,-0.032312131140901826,0.06612678168700653,0.04783566897597002,-0.18901046118313714,0.1085273018847484,0.944103144445196,1.0149332257068042,1.059414491415787,0.778193757838451,1.0191396053003847,0.8103697099030088,0.8933843580165647,0.8370255722288339,1.0391780854126969,0.9755205651934888,0.8401787703678384,1.0464682218795172,1.1206349291553561,0.9788679459749391,0.8633243385326087,0.8367576805095484,0.9283676487890365,0.7357388346418974,1.0704458986602,0.9907556352674705,-0.17265547380767354,-0.06561215660581055,-0.8284983712106184,0.4770305760055229,0.42421308129700397,-0.577114913824019,-0.07065899444038881,0.12627724043899735,0.8311853069802941,0.04712851770651705,0.6725402076865437,-0.5379072836118164,0.02743353461957243,0.22788288971691206,0.995707714811517,0.1337077274954741,0.7362852941854772,-0.4699593465770904,-0.8039408438448628,-0.7791856507862354
0.2740593671178354,0.12016925340693427,0.06361536266434191,0.08301870075976372,0.22634794535548391,0.25917685868750395,0.08237093602218942,0.20869615531202027,0.2965563779486443,0.015719688845150306,0.030064322175693284,0.051250255472849365,0.18841934160658974,0.09520567303081102,0.39013274571150025,0.17937661378617747,0.19002276750803954,0.16678470590136735,0.3711867105114785,0.20820646365603135,1.0428446853328368,1.03693541859176,0.9935715683305057,0.9580408699413854,0.8678157999809548,1.0743960000355008,0.9371596292273282,0.9888973285812165,1.0921126809338741,1.082358559322014,0.938441686204353,0.957874879690651,0.8955156371188243,0.9314530215420207,0.9442228348432273,1.0288294345051616,0.9554470220316145,1.0657169032340699,0.9853374945126016,1.0647254202765917,-0.1496264599810324,-0.6372348047354908,0.09215158229811737,0.13887961818001426,0.7481120868966418,-0.6296206790527428,-0.7177277163675426,0.942743294801156,0.08651133298097924,-0.025009157993719944,-0.6448653223670282,-0.6664091174255751,-0.3817655002214113,0.3036600859957963,-0.07314340901929661,-0.7690252950867318,-0.5722441241430509,0.84005216966124,-0.740969036535511,0.7414562745161042
0.294796575747866,0.24068498643076186,0.3336960296329313,0.2534015591082307,0.20413725981825734,0.2463698216849932,0.4880935058722001,0.21488826924923993,0.19593774308442038,0.27298160251128567,0.3117316648865812,0.12450367525721465,0.3854731256965261,0.05615708278659798,0.3641458536675295,0.29053619518392687,0.16333977344192074,0.2560180862971575,0.26567769170550243,0.2536741034042667,1.0390162682109052,1.001073766889897,1.0838123397623336,0.6866700784704476,0.8509988633341158,0.7689707318121959,1.158500899291105,1.0532065512347235,0.9913937611190325,0.9693824313221445,0.9795403071002323,1.1564864238519714,0.8253211041304128,0.9450369343813471,1.0600812395365486,0.8889944647083567,0.9214089133965707,0.9356044472568461,0.9775344150912336,1.0513042676010633,0.1805425938962022,-0.8349299287183698,-0.13111149392196908,-0.8143339328207115,-0.9185919740635766,-0.8471944982392086,-0.9362830838714344,0.6369325110579462,-0.24703443097971678,0.0830670389023187,0.1527108790504812,-0.9184298173746706,-0.5338017980092871,-0.49142410028574157,0.5680174959761064,-0.5801298084136446,0.35048250006811466,0.4925217828861803,-0.9785919553393276,0.7346825597990352
0.41146462109621595,0.3940740732120951,0.3069565782791775,0.5727928706158119,0.4315089923726439,0.4734418583246083,0.3150130838489689,0.260481028083148,0.29204375146462175,0.6223106493689621,0.3763095058026035,0.19366353884209161,0.3109322998583208,0.42132829314230236,0.19919570855018934,0.4607933234577427,0.4688359492972427,0.17143278074426097,0.39530547478631695,0.10166840111573233,1.0508638106829513,0.872117836177704,1.0151392239366226,0.8966640441955126,0.7643124846249476,0.7652436262329325,0.9502903016156614,0.8691646110231143,1.0788964898933135,0.7814769812560421,1.0510117250185047,1.123548950471622,1.114398655392559,1.0201339391425852,0.8266223341509172,0.9455210343777958,1.0526815660465438,1.0037820825324741,0.9862507091084646,0.8354615520488641,0.16676372903649694,0.644783552218879,0.36941262937999997,0.27753779879298723,0.8619532434583652,0.7837769180729734,0.09034156117551517,-0.2791838000111655,-0.8170949087324995,0.6089791733510941,-0.04353210869284552,-0.4712635126562563,0.6236788479604101,0.014510944476231469,0.5860558306347814,0.137075296036139,0.6329935702958829,0.9643268613886473,0.20357398960663553,0.5868247633805834
0.6657899458059765,0.5390310215630658,0.37148510314204575,0.6517153066534325,0.5727513341622459,0.5740849962388863,0.4208900356540383,0.5456130223128404,0.5318454197855036,0.4436098416319122,0.6640723948821965,0.32607148290201304,0.5066314819464203,0.4823467770737551,0.33674538204360394,0.5903317834310868,0.4741782122632822,0.4481716266529303,0.548077901911454,0.3963905923354745,0.9797187938217484,0.899959641958786,0.7323456633938912,1.1683741888543484,1.0367037226719193,0.8996474340265889,0.9342994235650663,0.9555216064257596,1.0589644878534825,0.689700994983464,1.0553738228354637,0.925077928203845,1.0405233350353396,1.0781819343473964,0.9010481913099466,0.9371374728182587,0.6977593307049968,0.9302555144041889,0.9223151783036234,1.0544958519795067,-0.9598368667162265,-0.9906916358706539,-0.985162270595223,-0.41238862066046234,0.6143912636167359,0.31956645243497794,-0.8611399365878682,0.30966766634554044,0.9608414766332136,-0.36328102003972984,0.6646601163271382,0.4084149350784263,-0.9206462187471469,-0.7292348048026385,0.3097381525902778,-0.7015714347591215,-0.927631069592701,0.4148201111970262,-0.09968666048979569,0.025588691843485334
0.5972523481453053,0.7121224728186832,0.6618717347331151,0.4945240793578221,0.822042062071625,0.6254648402817468,0.6960964025818753,0.8002237578389786,0.6509452480153478,0.7564144187607043,0.5461811624877656,0.5267510723769336,0.5452453200919816,0.841470222664137,0.47950140236235883,0.6619455700999818,0.6817313788866782,0.5648633264607686,0.5742508046185071,0.5737211436798043,1.1199092304374791,0.975866191073064,1.022934524734045,0.8108781791384467,0.9923813504618191,1.0509924934698316,0.8961225117230279,0.9507170939343155,0.7567069674687561,0.9860505660522588,0.948763778076807,1.0922086137148779,0.816757503312231,1.188256874378303,1.1498683338623226,0.8176746234267269,1.0879553764574976,0.9924194510828381,0.8376243711889934,1.0460869850917587,0.9470233156576489,0.6441277372429257,-0.5600765957216312,-0.6278034509168906,-0.2967120285832847,-0.33413732839201615,-0.2763650169362255,0.31083388619862995,0.33032927209406604,0.6134142913942124,-0.7572945360212684,-0.21594110625595886,0.6950056037153207,-0.510828543430385,-0.7905948650820487,0.06785042921834328,-0.03556105740925042,0.7048540875417337,-0.0030784475054788096,-0.06995639787464625
0.75053054242464,0.5667375660269872,0.7984388923239654,0.58372577285733,0.5252541331004762,0.6111110739643589,0.786391428968655,0.7251404576194728,0.8852289738269958,0.776186943944467,0.5788257087994887,0.5559318522413117,0.8390303139132501,0.6187961514249933,0.6898130260276841,0.7114438901296913,0.8754815064414808,0.9826362036088427,0.7511785956817698,0.6791187552582589,0.8423062074542036,0.8463108986382202,0.8675867584919073,0.8762738662460958,0.8218287410138797,0.8778547415245757,0.8924453126798949,1.127651825730285,0.7468955372155126,1.0162143431349935,0.738641079048755,1.0579391144365116,0.8278484580019779,0.986212072456769,0.9082668078700368,0.8863975580762977,1.1042363613176231,1.0511289880073797,0.9568879307684717,0.8749312153776128,-0.5716113911396767,-0.07961911606355088,-0.4119361476723842,0.9323558535027388,0.420788491153272,-0.06359603775204836,0.38628155394433095,0.43637951920976703,0.9474049959765602,-0.4450730525831399,-0.1183996905658029,0.6418987745817273,0.9628965997862826,-0.147979942757263,0.8220276929127577,-0.7047225890431885,-0.7480036853290621,0.44227205060437735,0.3366404431390855,0.1388838950348168
0.8219929391535996,0.700896032169043,0.6993198140799461,0.7500907360759769,0.8382698321394056,0.9169191047280636,0.7817659894745994,0.9112839009732262,0.7969728019105549,0.8369606145392883,0.7171099580961905,1.05475924591386,0.7232621075624135,0.8503636426737105,0.8698842107847373,0.6889686078289631,0.8541270433732531,0.6247334988207209,0.5393773128462692,0.8146693034224044,0.8573158790367046,0.8633683243254894,0.7011587266218575,0.7554169339385675,0.9404357787496971,0.8429554223670109,0.7870690587071903,0.8404506587953963,1.1019405429899012,0.7380005415041351,0.7660501388815371,0.7770211220517046,0.768780482541486,0.6080189680009234,0.8644495306105505,0.7587644899618359,0.7884141235499071,0.9283628743562934,0.9823594321262851,0.805533336614182,0.42364203309961157,0.3346095372056259,0.06799278627467453,-0.8128263703903376,0.6623795135698618,0.0961489598987122,0.750207439247593,0.6311003367954302,0.723839965119524,-0.09544152441790277,0.6118829287538887,-0.29592672753042826,-0.7191259778099237,-0.15722837566760206,0.8719958258108895,-0.7657918316987342,-0.9870612719793945,0.7820209733293821,0.04222154655154697,-0.026800843890864456
0.7532603646216504,0.8576465375234311,0.7041792069786755,0.9748268009762243,0.5781570724677882,0.8207408859125385,0.7678598738652181,0.9627861519655432,0.7404134497568692,0.7325830317144084,0.8183777437476101,0.8138890250732983,1.0449191250444714,0.709966769480244,0.8268770742896727,0.8785096989605491,0.9640427871828583,0.9848911802858735,0.7076215771369825,0.9889047183652602,0.8212793841874619,1.0655073306516551,0.7216013862832372,0.9282464633298299,0.916781564872809,0.6938507761891429,0.754152332902871,0.991850579745341,0.9940416635366957,0.7254740565607853,0.9156760943686694,1.0897488899085328,0.7460926551515329,0.7219521918787084,0.510641237137852,0.972730817454473,0.7549821721162295,0.9452982972929029,1.0137142174269471,1.0256355618192967,-0.346597758365371,0.58945099281284,-0.0891246620994155,0.9710212188148317,-0.284062207097608,0.3793364089090594,0.42716457185115075,0.9639178466176535,0.6762241265983973,-0.16371876375814698,0.30286526410489856,-0.882854813251555,0.20571201051424515,0.11874804625447632,-0.554712929863121,0.09360883924274921,0.5846614723653019,-0.6392625158617413,-0.7537589665144286,0.5225001949183621
0.7706701251329839,0.8869105333184029,0.9642184129964,0.9240836097204828,0.811087702013812,0.9570846708621735,1.0956587535712319,1.0776785055181575,0.8815844007147611,0.9299661956850003,0.875992691377308,0.9698788533384544,0.7697798198268901,1.0404158385252726,0.9735338940246179,0.9279708373692669,0.8245585133126679,0.9102255815320721,0.9972037562758642,0.9303826722968278,0.7423431081097482,0.9500224995953254,1.0709058424946676,0.8194153851673749,1.0909351875804596,0.8711218705970959,1.0254445743613871,0.9451428189539217,0.9999357813685686,0.8442538927560427,0.9721368146694512,0.770738213013236,0.7852764287724943,0.8191890658910569,0.713456542413354,0.9792749205900808,0.8039646972020683,0.804366387642163,0.8297045987461753,0.8850959277921474,-0.28821554114330405,0.39403498939953696,0.5398774904225356,-0.059979268991585455,-0.10766167296111462,-0.5833860190659896,0.2408907394480695,-0.42914690615953877,-0.29028304325527143,-0.6723525298654123,-0.03370132242388624,-0.20367896775108263,-0.8842498930077352,0.45869342144248626,-0.054280604679912914,0.5575486866517907,-0.9760374216953911,-0.2829140212200878,-0.45143675281787,-0.09615658791248594
0.8949690856952025,0.9950673870847683,0.9836685406343547,0.8461846612214422,1.0750437994544193,0.8600397552586415,0.9911702255680107,0.7986213136003029,1.0242295153091903,0.8221104339331601,1.0558435339600278,0.9732995965492558,0.8825546856821676,0.8525575577509965,0.8132654602202423,0.9126685544507028,1.0856682753132783,0.8439495044962252,0.8520815151284573,0.8608872137814177,0.8582596258056981,0.7593690467052264,0.9579271526313322,0.7865148844901778,0.8443828684014864,0.8422933001687231,0.7055691611182376,0.8948403181988838,1.0097264671346398,1.1837846699198438,0.6704774219150489,0.7459896121644787,0.8418967371245792,0.6195502678973737,0.7139436005548592,0.8574443927059276,0.6744356931366009,0.7554272571515299,0.8679101262369774,0.7785496176592361,0.11245430640241061,0.7191508419571384,0.011040908210655731,-0.9304582498459302,0.9371800502988281,0.9852624295056271,-0.814821007291761,0.5118218901387668,0.5346211666715386,-0.5682602989367027,0.8935588177532765,0.27471639210269583,-0.915229163500298,-0.17213771306221082,0.7965545805409557,0.17865110087412805,0.6683742346984582,0.7647487050075925,0.19455387927619716,0.16208494993704736
1.1297696947730522,1.0668909350336493,1.0490323311100633,0.891529411041643,1.120731058971112,1.1998356477477643,0.9006088453088507,1.1501072619210462,0.8350980064689778,1.1463215286046202,1.0779322134018001,0.9407779576347249,0.9041676139391247,0.9377277180461188,0.9884223384524107,0.9652035612273692,1.066286584279109,1.0477935356381054,0.9185860100970056,1.1840875541311047,0.9085618880149449,0.8068955220095761,0.8797164209191157,0.7663583051048776,0.9433358210018432,0.7629736438215993,0.9159202977926884,0.8892092074094882,0.9306258941260288,0.8283051901901824,0.9329677259002432,0.918393775717365,0.7865546111167957,0.774902885557526,0.768350428258047,0.8350091163313396,0.6159225942714105,0.8497640199039157,0.8511287296559383,0.7743001223354575,0.3413499351725098,-0.5866678993969361,0.10300674832408463,0.6276604570103475,0.15514528235336011,-0.9398980471708192,-0.9722367932844866,0.01528867935455458,-0.3244602626668487,0.4915009635853904,-0.1349322052855697,0.5588392972411529,-0.7650964545021453,-0.41163033647594616,-0.6333266133845075,-0.6224053396675124,-0.4177035537258187,0.43963652575622314,-0.6318381573512089,0.5279056914436722
1.025913805585965,1.0666580528626766,1.0874465802035629,0.8963576654998657,1.1877877677841853,1.0384499215860463,1.0540890634145283,1.0699662438566648,0.8239332850078606,1.022038260371556,0.8746479558777026,0.9326502382720486,0.8729493723284791,0.8011489834473564,1.0785881761844696,0.8938338053790417,1.0541969801918307,1.240061136772438,0.9920328576353278,1.2127737435664596,0.7562473541965695,0.860229966905301,0.9239423085846765,0.857957106133632,0.5750315359267945,0.5682332809190961,0.8099201539488691,0.8235638370855124,0.7890870432030124,0.38558849490753616,0.9364594406046752,0.6589476932596657,0.7008917986884012,0.892935200145941,0.7567705192615384,1.006922752360043,0.6744379555127031,0.8124474616012182,1.0161040798151695,0.8646653270884491,0.18260429646429288,-0.5594651437954679,-0.4925847231038958,-0.9831900116818899,0.2250387115607635,-0.1413493368034351,-0.22148815948528044,0.0830434868598906,-0.08033744767001982,0.21451853990833292,-0.42621769633633466,-0.5702320164500514,-0.1342534146367338,0.24153055472481966,-0.4626984412183053,-0.8278837510985113,0.4991928917950976,-0.12206370456382576,0.7233385596352719,0.09175644326029264
0.9923125500376648,0.9176973809562705,0.9536145457156905,0.9730932005249018,1.023175573297388,0.9784010161657417,0.8347450955419407,0.9300660444592586,0.9158380047644201,0.894526207775968,0.8821448993870733,0.9657544981294619,0.8490731514701155,0.872239572304623,0.8990090817251559,1.032991501386047,0.957187040786584,1.0707274554867687,0.90209048574989,0.743196298339313,0.7682823099232253,0.8087368984326808,0.7008259161896107,0.9645541995678234,0.7765652800748778,0.7832304771421742,0.8140904187544102,0.8058661365461298,0.8890602076019339,0.831559341026408,0.8161258560964063,1.0188389778950675,0.709410334743584,0.7210982502974489,0.6234412764831534,0.7948804375697922,0.7588157617374749,0.8528730176810396,0.8325061129568371,0.6397310672986092,0.35891479494533995,0.4363210360474479,-0.9341999686596514,0.028636753975675777,0.32792254238633545,-0.6308432335919694,0.06126057108584049,0.044247048760382546,0.10129138700215434,0.5028212750567063,0.06312015786793079,0.2587202607465944,-0.6861194824191934,-0.7375599115534726,0.9665600626198487,0.11644349611112426,0.8873680806118711,0.6527582739897271,0.2745558474791885,-0.6478169125186237
1.0182509444201686,1.0259951719975207,0.8719232093164284,1.0522728390208416,1.1227694435741844,0.8488051421244004,1.0239377471523126,0.9807307942388325,1.129879415417493,0.997409890053226,0.9198382494824732,1.028637255464888,0.7584797127161261,1.0485231058832907,0.9167537598331236,0.886832810871471,1.007005264199464,0.8657291205602721,0.9537414991591383,1.0086087281375882,0.6349215673550433,0.5979187994691082,0.7568310974535324,0.6896688845483288,0.8500399438357066,0.7138218484041764,0.8838713640743372,0.6401711937264483,0.7471969904249205,0.7846716259854817,0.7821706292780116,0.7641861882088307,0.7967407225878698,0.6540272210160772,0.6782745914490411,0.6468770490770404,0.9017610569580983,0.8156643437825201,0.7871250447835756,0.6691072181698838,-0.4327071065378918,0.03570484497999238,0.2842839032413469,-0.9545958178632608,-0.48681375988607,-0.7358559203099213,-0.5394965721821521,-0.25529652443273254,-0.8949941804069577,-0.3588529777494882,0.8436970979062699,0.2817583726157957,-0.6777797130358199,-0.39386712254682155,0.42052853347082153,-0.8874886003113422,-0.9373667059091466,-0.03474960039553143,0.974825703974594,-0.4997641957398731
0.9184073230894746,1.0744087471206643,1.1292239764499978,0.9655485086185978,1.000163990336086,1.1790385487020967,0.8560993810528807,0.9600988956624334,1.041657999222699,0.9871047491664495,0.993951042606936,0.7502644135632878,0.9731649821696601,0.9751700449977723,0.9088087426133732,0.8393159230464187,1.0090767544551205,0.8987993551604349,0.9298143494793523,1.1034232369462855,0.5956392321774282,0.7687884669688764,0.8834763305114058,0.8026843086013192,0.8705605509135628,0.8279312826422893,0.8513873962917652,0.9318810951630749,0.7395430980336233,0.6264866471069463,0.8112336464415599,0.7625948472219871,0.8639567061325475,0.9029172303599018,0.8166337158440131,0.6148291532773997,0.7102762418009614,0.8683933914018442,0.8217712006975239,0.8456826630085417,0.09539399559759332,0.17716969216266332,0.2000416353741974,-0.19815784707918427,0.7876467771706734,-0.1583673651547035,-0.0566885471145806,-0.06737833323868458,0.1175652463665724,0.0416366043177383,0.4735914613481724,-0.9534955626562893,0.112450232585664,-0.009174048261705536,0.5256295231713062,-0.343005837890489,-0.13936613713600354,0.23794407669643958,-0.39631150937248916,-0.2379575931769633
0.7733965730435126,0.9348909100930254,0.9147590779969035,0.8061514382436273,0.7788053043146423,0.8024293128875639,1.0517539864020764,0.8739082939304444,1.0757934567062097,0.7662810698292113,0.9605457385053848,0.9721508413157912,0.7508422612442229,0.8358948058972037,0.8342640804684869,0.9078937618869499,0.979163191642818,0.8298609167162458,0.9578734388963575,0.8537030929664002,0.9485089642012775,0.7891276060312216,0.8193229208476296,0.9455805895950473,0.5673800662546895,0.7462276367998936,0.6232609744890328,0.7851079856537546,0.8261247317560998,0.5854978141354589,0.8181258804989343,0.8727858624059108,0.803654808983731,0.8978156707182448,0.9489171266313547,0.5428851998095929,0.6407992786628562,0.7484251744165172,0.7973742965457911,0.6257182954523166,-0.2849732873868225,-0.4185963866788196,0.34032645052319643,-0.4220697747233033,0.7663613325481293,-0.6334955568145737,0.6216200326164409,0.396384923874352,0.1386108585345367,0.6096996420702021,-0.6796431525093489,0.042464963576724246,0.02101343217941687,0.24674299169379132,-0.9127416050247212,-0.23008806201980003,-0.27484684033629114,0.08702756425717473,-0.26051607427014556,0.9285198982041436
0.8339224707007169,0.6861435336592215,0.9127500840595845,0.9156454889600709,0.6508334782101255,0.728388364031255,0.8770217928083822,0.8602261579580635,0.8381538633611728,0.9131255482260244,0.6617300093002398,0.7600250100100827,0.6466221165192433,0.8489205806711706,0.8564098666189685,0.737338846777184,0.8130729225555263,0.9723142735033029,0.9049526083815121,0.899774591765883,0.5127661036846318,0.5978224729746436,0.6434721134768409,0.7846982071304087,0.8334888746765202,0.5859672085103435,0.7153702205624307,0.49763874904484673,0.6828676798211709,0.676958551902009,0.6852544806384486,0.7295104662743712,0.6198402328724568,0.8480170503885027,0.7000928092020082,0.8205804591411613,0.7464184323128048,0.7133066722717901,0.6095659049675564,0.6021800439004888,0.3582973770793745,-0.08802758363947993,0.24099104185032405,0.2310218337294967,0.5434806279011055,0.5346001718930062,-0.9733293158061551,0.9743210464436327,0.4200929205329573,-0.5143976942186836,-0.13906523201530785,0.23743518809629083,0.47280878583556807,0.43519056149895796,-0.04919941010674678,-0.7994246297862584,0.7889115594057299,-0.560309216762001,0.06566298421593642,0.6102848502287601
0.9178208752544542,0.7181510340066045,0.8502533944758149,0.7887639018840128,0.5287748448907253,0.9573173765660848,0.5605035081241367,0.9653795477866811,0.6361602140199296,0.7989859630919138,0.7986712598976868,0.7536100606255018,0.7766924909666983,0.6835135351649929,0.6888050624943314,0.7565857786126213,0.5701105899577583,0.7573911248081022,0.7175605465035318,0.6594820697194468,0.6833545190899544,0.8110499830564362,0.614381504365367,0.8203017301941683,0.8842420971662133,0.6987767605106066,0.5465217557380275,0.8163211282767293,0.47798478069562045,0.5563188061471569,0.9114355774753554,0.8272865261525597,0.7888295825044336,0.5933397632881239,0.6348042603109978,0.7261324096944961,0.8958667453484344,0.7746551026632871,0.7734444151869595,0.7934367833710239,0.7115172703527735,0.6367752966516578,-0.03509465461059036,-0.5013624053322487,-0.2360391673393365,0.8963814357420936,-0.7105667477742152,0.01688942448365749,0.915536920522765,0.7105925466923062,-0.7944203737956417,-0.9791573440945995,-0.10259008838905914,0.2328590433665454,0.8378710522905544,-0.23449543862392153,-0.9568170628593367,0.8247209545445191,0.8761905198385513,-0.905272482216201
0.5385881700024007,0.8555672542505486,0.6332173088576984,0.6910601976589262,0.5682564410306721,0.6125700895406497,0.5926371228494376,0.4162385499293976,0.7239598365834848,0.6985176932176144,0.6379799791768666,0.5593980224260454,0.6440855629780528,0.6328998816519671,0.65866884906974,0.5418149080567263,0.6883817817966487,0.6754830934817945,0.6906127136238324,0.7227890999367161,0.6961826654615463,0.7393845925415016,0.657196008927002,0.46492055538242555,0.6276118899088555,0.4859325872325563,0.7203662785598832,0.4003819141057011,0.9143224495132439,0.8778681206983616,0.5387655397128635,0.780544300724094,0.7783867661822277,0.6976157657659506,0.7144564952484496,0.41674887555669443,0.8695620857431893,0.7139323854978464,0.6766892286313312,0.6137812702368887,0.78998437785915,-0.4765510543575002,0.0599720822211387,-0.2120878736271148,0.10576666612199936,0.7241980610102234,-0.8485581261728508,-0.2013026630391208,0.5959724123974741,0.0855475498954128,0.5780120685589725,0.5864454530679333,-0.011836756231250689,0.8167719132398796,-0.4289721726940088,-0.6038892307887993,-0.6796237376499947,-0.30941200429633,-0.6652153415820039,0.7694285827166585
0.3940255063122402,0.3574564756559037,0.47645308708524325,0.5967961167623947,0.7310799109989411,0.41151335354985763,0.4017950276931417,0.47661945472758344,0.4496790733880914,0.6033093508663742,0.4976019105464248,0.548942227765276,0.31764985413323577,0.38074976165828917,0.5620329324026521,0.7343575340422368,0.44033386717989786,0.35662586963095516,0.53684246794129,0.3689197846445502,0.5987457335561694,0.7295120336624402,0.9116134582604167,0.6186911761840149,0.5973838465980814,0.9368723834078658,0.6514687222357887,0.6441892729611324,0.7047549995237525,0.8796217179971431,0.7682262088057142,0.730749409547711,0.6152766243106882,0.7331213188071,0.7099960487105645,0.6973593598047703,0.5074881151993965,0.7488770887218896,0.499101781376905,0.7426877497208957,-0.491890618140739,0.8080793172076111,0.7671708071003949,0.9700202138365221,-0.42899438368153775,-0.8379609272032598,-0.19597818967397584,-0.20995676446844191,0.22334606190519013,0.16654322533945676,-0.20741741671847636,-0.1559909615274031,-0.5774165866749195,-0.6172602010737724,-0.4395171082788132,0.6938152417521581,0.5433762278206511,0.40518502659806943,-0.8497143231204514,0.9319724934560396
0.43119496432423715,0.4917487783955119,0.46518520731574786,0.5723869173842745,0.4964416064996282,0.3148177087837482,0.340405934860077,0.3225433313300171,0.6231387598268139,0.5624362965319294,0.5824627310149499,0.4237144654276461,0.40542002096641816,0.26435579218296296,0.4650098103919836,0.48188038534630895,0.7305870730886482,0.4383036499566831,0.3862321201579657,0.31305892888709075,0.5540405215977129,0.6341808651206858,0.7152092150262866,0.6834923855906145,0.6142999408019814,0.5681991427536695,0.6530324214870348,0.6848738901634841,0.6917095784462667,0.5712567971893102,0.5921873922556318,0.7246246115737941,0.6751870824494777,0.5105544227982868,0.6954629777032011,0.6175268027792945,0.698565423373977,0.5841938886864231,0.5063092712986834,0.6802693405886301,0.9686795659140384,-0.8601647963757075,0.615282180164539,-0.026223885971988325,-0.9931775795621269,-0.7353106883943945,-0.9307150165203251,-0.29805625839025085,0.5700561804990381,0.30871661865922584,-0.9491270192261299,-0.3092131522158936,-0.8724696421610341,-0.8489141417143284,0.2524511150789226,-0.4206063437487366,-0.5989814077593414,0.6919933846202786,-0.7405007414209634,-0.787080815409323
0.1972689708754456,0.3561779697675019,0.19052339959455755,0.2139696621306662,0.27388891358586553,0.13453016409382362,0.25770154146930796,0.384066479314644,0.27751058860242334,0.5113611073973742,0.2467984843210052,0.2620874554004574,0.35649533491756047,0.414352799808437,0.24103262573254425,0.20413398817105194,0.43944589492577835,0.30564481808630195,0.3294649759620548,0.3387358870195539,0.5985938448624752,0.4261307876267949,0.6913347906662471,0.6288071916181951,0.7276205857777552,0.735940790519231,0.7852431613514135,0.7352387513745519,0.506797226402539,0.4761359437486923,0.815208287514794,0.7241819391504063,0.7253091347888343,0.8385175683553819,0.3437043839375399,0.5726333723064743,0.65771102547908,0.46209381337386324,0.6499287245446694,0.5794865686449588,-0.10519517363427355,0.5466814877765422,0.7439277841137124,-0.5256231879533351,-0.7838739644899484,-0.8860888466724139,0.8131359405941627,0.6806267762617544,-0.4155687920808955,-0.5947297882620879,-0.8262567760973385,0.1436165798586484,0.5700614338491816,-0.8074037616883085,0.5680929864962092,0.9955879810393546,0.5199221347837832,-0.6970163797932216,0.2785909387047003,-0.8402191703354058
0.34399555971729256,0.5066213265467001,0.19232221863016188,0.07450735734053006,0.12095968411160096,0.21777977720106406,0.18570571112863307,0.22470470714805435,0.13005661410455818,0.2773679457387562,0.10393997363099447,0.07744504387577034,0.20970826945505455,0.2513429435586765,0.17602577915992063,0.2716697018936989,0.2960628861102911,0.12294104005309285,0.30520832249360885,0.21272584377733994,0.7216722825841669,0.6689326074169606,0.4516750819896892,0.5526739784702804,0.67124538063369,0.5018991700779712,0.6750513730384148,0.5810290585991469,0.6585848754508273,0.7046429483006275,0.742110101064329,0.7654838266062258,0.6156892190079647,0.4556732122478193,0.7222904060410009,0.7716064788976462,0.42971798256378374,0.7364594009699239,0.5478298248741149,0.5183597402753728,0.830568808205018,0.017727889510125605,0.29744187960711477,-0.188273069417201,-0.17461383720321866,0.011204329437449756,0.38374465521598733,0.572934265173606,-0.06334867320743442,-0.7938470761125693,0.589415304753246,-0.9180470458080012,0.7390591446880641,0.5575413651260746,-0.2510832950582813,0.628134581538307,0.3471965236859358,-0.6354079745927728,0.7964294851129712,0.5873039663353363
0.036510033887181256,0.12400787266417834,0.07610953185526267,0.09155490219803747,-0.067785338254796,0.057750129137653185,0.17081095507907912,0.1416536389964558,0.12681345840747849,0.25542126262462206,0.04555373755584491,0.25449705459175964,0.07369321402829764,0.17583587917808752,0.11883691310023986,0.08512586644889056,-0.15635735305807108,0.15359226777214002,0.10742431987755867,-0.07332533768849885,0.709309650502451,0.7594063510894861,0.5099782286839045,0.6044295888498191,0.8351229872966492,0.6081648295202526,0.527912143101111,0.6054210464851049,0.5739570506055302,0.5910754017769503,0.47813400959384544,0.6607575531565059,0.6324345392884283,0.4056984860827404,0.48407221816205587,0.6195287255334532,0.5428768920781768,0.571286073295099,0.6793653013485564,0.5809708075454656,-0.1310911083240085,0.3383702757142151,0.34245343048098364,-0.5093949671108158,-0.515169312575114,-0.6243350670243613,0.563715672564364,0.9621659019316069,-0.17875910830944508,-0.7127921979472858,-0.26852280345772384,0.5580785582306051,0.8520899297063074,0.6624179425518655,-0.4863996403866908,-0.2895200508775666,0.9911612648999868,0.7601596407257554,-0.9325713890598675,0.4224358247137323
0.05579319522658267,-0.11014671094090941,0.022132343839636803,-0.018018687482892003,-0.19030270777255381,0.07505515396247504,-0.13792421975129837,-0.11684860355601001,-0.11034458095712832,0.21407013436372901,-0.04571041903237712,-0.22474686992697585,-0.01774243171315506,-0.20643100095985162,-0.2630182162323272,0.06291133064576142,-0.06327042763914408,-0.01728981114498388,-0.03472669071795692,0.06390282536287882,0.7686694269680246,0.5390538219938121,0.6091730033710713,0.6233612228459513,0.5990204685093768,0.6896006776380046,0.5711679263456608,0.508495089906785,0.6226046385510307,0.6002877748414116,0.4689779437184767,0.7575296132293208,0.6716374753018531,0.5027098762603399,0.35838481141058454,0.7519840132389444,0.6997760822596806,0.6243549090900123,0.40123628855096577,0.6859805312497969,-0.8260671211210673,-0.5752373753777169,-0.9280007940070953,-0.24294298479220666,-0.3136014226761521,-0.6411832954070329,0.8939102993720147,0.8854977653473868,-0.8707370337725395,-0.5928879845967359,0.823281040743586,-0.3250333469149238,-0.5455026540750183,0.5054060347255487,-0.608198861451952,-0.39022291045226964,0.24772918742578054,0.9832466909601822,0.6375057113283729,0.5196901714004676
-0.18333832666490482,-0.249668796750904,-0.2986095003679621,-0.2872104594345032,-0.1096813015040279,-0.16718590517152632,-0.17628294530267083,-0.012739698491505858,-0.10973638960106467,0.005576359513657175,-0.2582541029654259,-0.1390974991048951,0.02786510235339007,-0.07742414563021667,-0.2019432801006702,-0.16922107622646942,-0.07446201324662279,-0.10429191567253997,-0.3258308890649937,-0.22943947948437604,0.6934037535600843,0.7091753156809036,0.6891150610896173,0.5270241533246403,0.5038812801230963,0.5958287377057376,0.603133037028023,0.6673959965257334,0.5714795084625125,0.5840226574572653,0.4771801115506959,0.6680915810028735,0.6693015589611805,0.6527596073384185,0.6461461601659986,0.5988860748638523,0.4936250985621867,0.8653887024908182,0.6280950210140592,0.3838152198028679,-0.47305358168452405,-0.6536641984308453,0.008114419387831306,0.49820313242798964,-0.5042570553118515,-0.7556478226358168,-0.8940513349569168,0.9552603379706841,-0.8388451007765856,-0.9717185608038801,0.2033339925491371,-0.14626189922000954,-0.7012678059629038,-0.00011558531482802614,0.4207561261840831,0.08862105235482987,0.7240038346359761,-0.6988225050205383,-0.7736028532657666,0.5193353444625108
-0.2232789515367905,-0.5206411134280493,-0.41598344455007263,-0.2489484336875309,-0.32662247822885954,-0.17494903338254622,-0.12409328284407095,-0.28037011652017674,-0.5194308590903303,-0.47965206119809795,-0.5003054642946471,-0.1003427518201799,-0.18331737991787972,-0.44086804684311864,-0.47996834971474667,0.029691269859542624,-0.4275165896506231,-0.26968557046853714,-0.3806520123825707,-0.39606154017396344,0.5676842386095787,0.42715670490520485,0.5093347907755521,0.6379660042803452,0.5591350449076004,0.44979295224268745,0.7125913445269406,0.47304163053402176,0.6207758341957478,0.5058667146686416,0.6390768272840796,0.5508380333723988,0.5222855017131984,0.3329062832748936,0.45927312535745085,0.6866111069152658,0.5604892903428503,0.5061401814080955,0.6698486989046512,0.4620392524942744,0.9516111158047547,-0.07472289492082163,-0.15500540470559843,0.6900096778026952,-0.1501656365926396,0.8013723500347147,-0.5029319718976324,0.18142644281342224,-0.4367059013028953,0.3281603700908322,0.9208242154366215,0.30702270730383985,0.09908542673873799,0.4919992480821098,0.6511463538562314,-0.6215700998978613,0.8543828048908277,-0.052001887531892166,-0.9210990187672516,0.7698977875973898
-0.5052768763556779,-0.485363325079236,-0.42702050456308,-0.5079032134127202,-0.3647680050173435,-0.5532638594951603,-0.2651560964258407,-0.3089127401030539,-0.5848408720900995,-0.4598865551111547,-0.7171905499800907,-0.24993473439345457,-0.3198112842825155,-0.3248642081473345,-0.4922307981929325,-0.16349661018274841,-0.6167356490569776,-0.39806752889264013,-0.5303791933284309,-0.6787003149474686,0.5478163225400219,0.47294548357099697,0.5413864740151765,0.7359463891344187,0.3882146449302881,0.575213688067359,0.6763766296173692,0.7027303743094003,0.7584473092416083,0.558016655319095,0.6290850351764569,0.5097657754266111,0.5139507753583556,0.5863363584180981,0.36333595593950235,0.5398317173881859,0.5267634438034515,0.49768158302035487,0.6435582270022483,0.39051815423948677,-0.6295365085576785,0.15742083187216638,-0.6594746878730735,-0.9889424061040359,-0.7367213163648754,0.5796826538599993,0.5233206182361458,0.6212666246336851,-0.05553738218282889,-0.20560440187680573,0.45192999582311133,0.5719173905251147,-0.5181282693809086,0.4080931430811614,0.9394749589160651,-0.46784767831658836,-0.7464363174372199,-0.5484751433143289,0.03531963802947091,0.601789708790887
-0.3789937299634212,-0.5581407032247903,-0.5838379121228033,-0.490593991020114,-0.6593271747732756,-0.6835468757695475,-0.546911240405382,-0.5518213365770192,-0.6180441994197623,-0.7030466538964895,-0.43563066338548184,-0.548375970621646,-0.46408928325950055,-0.5668475462440536,-0.39486237493465737,-0.4191092583010253,-0.4361233000544716,-0.5699328728548618,-0.467973711583096,-0.650261940652218,0.48459127542769886,0.5326766210510835,0.5509847566891029,0.5144449073417204,0.49805209471680956,0.4609451404025858,0.6478421848477268,0.6521661500558802,0.4454474393764769,0.3575241680805725,0.4667320343788938,0.42786180607773516,0.5685902675308503,0.63736408100321,0.7974493107954481,0.5514042302527647,0.6111679232876537,0.5045832205506612,0.6344180882540112,0.47543962091682035,-0.22425656597749755,-0.7058042258050137,0.5224174367937238,-0.9906975452676818,-0.3116211880009918,-0.3181800081066486,-0.7193641575973393,-0.560437863747345,0.94490828694009,-0.31661800302548904,0.8438630834359875,-0.37500282990797507,-0.08034571820096326,-0.013944288876267308,-0.9989443682197565,-0.3122358990099676,-0.5372546578531423,-0.8046946629779597,0.3971160322636307,0.5993392203553003
-0.7413663925641585,-0.5925128608335893,-0.775639521656191,-0.5681626341491702,-0.5400574038809062,-0.6133246122847152,-0.6459334502748761,-0.7143720530053607,-0.6359286263032281,-0.8582493560642248,-0.6145107859538476,-0.4689341290371715,-0.8281825262618914,-0.5972176732306419,-0.8300015380218694,-0.7352119798243776,-0.6724579475154125,-0.6428120328291295,-0.6648544797056799,-0.6575786374010631,0.6130082569906635,0.5385901271915853,0.507213090348117,0.5363500530358697,0.31408604916625255,0.5790582636154019,0.6057215825505244,0.39703011981519726,0.4444663678386151,0.5559920741837442,0.5827334090576137,0.5154889393020129,0.7147876659492414,0.6621753871534325,0.5051283891255905,0.5356481255238096,0.5605746690704885,0.6607479334970434,0.5468630938710146,0.6492052568242519,-0.06182914428295194,-0.41374090467925906,-0.23709214061675254,-0.7209335023044634,-0.2828145692381514,-0.20831883950439511,-0.07488076305841251,-0.5161011575196313,-0.6457663261380717,-0.928653871073615,-0.8027413546952735,-0.6834307158868798,0.5611846873509405,-0.6579667410521357,-0.17735399572618182,-0.5070275614998432,0.19000413689351214,-0.5625182580034345,-0.2804434120811481,0.1900942504279275
-0.7107393930139541,-0.7144157933301879,-0.7600859861673721,-0.8352100575662854,-0.7839781510615507,-0.8971015148547621,-0.6181980277007738,-0.6341126972863463,-0.9270974008358891,-0.9054628814275372,-0.8344994243522916,-0.7349836699695315,-0.7383051251433005,-0.846372033356387,-0.6743810426055167,-0.7955883328968903,-0.7693897287170934,-0.737961711970695,-0.6979117328120729,-0.8192238661944828,0.3046654089027261,0.5671233482974254,0.3613560578979774,0.5337485520548859,0.4976135229381369,0.44529025762229835,0.5505378663956683,0.6076758663935945,0.737408363605595,0.7556684742427224,0.5402083117559628,0.36018271903852095,0.5078107288063407,0.412859728940627,0.46354282274820113,0.42033957156030344,0.47848504255395746,0.6191947110038729,0.31837051786615245,0.49232364196979816,-0.32031648823537173,-0.7300348484289285,-0.32933800405603453,-0.5231868022826671,0.7252526665054775,0.9632950772398305,0.2648285731375599,0.15943712760203876,0.9624607393647719,-0.3629021416492444,-0.815667027500049,0.9569485751721349,-0.5738335547387701,-0.16529506365483626,0.20566515250735384,-0.14538501125371806,0.7356655173013535,-0.7148915374819955,-0.04942029255650571,0.5003420209310534
-0.6374039323074138,-0.9904841794565098,-0.8834857589207663,-0.9485611616151285,-0.7295900540157516,-0.8015586049655192,-0.8380133919924074,-0.6916419852091306,-0.9532694691933628,-0.6741688313292127,-0.6975385483049149,-0.8419196575286518,-0.8200552399829316,-1.0075327298573442,-0.7350691739395072,-0.9982882015533039,-0.6957790312940701,-0.8806550991210679,-0.903436175705647,-0.8355663268375689,0.7016311249262837,0.6001491556372924,0.5780615112676333,0.49707016160614803,0.6156888301557295,0.34819988020561654,0.47576700533513266,0.5661139101247564,0.5163617982560083,0.6665377739283824,0.33728018578562363,0.5951233160406176,0.4853191236587529,0.46446206115695654,0.40149966087068895,0.6147194623368802,0.4361256078498176,0.6279345184553105,0.5658527053853324,0.7025220119100462,0.9805380887088893,0.8763496656070107,-0.14535418371989262,0.7288591347515674,0.8982722696595677,-0.5671112678004768,0.33697053242842,-0.746967976611711,0.5243242572536062,-0.7484101323019294,0.48389337653522846,-0.3581518037541098,0.6233765945186125,0.7707571619552982,-0.2893259975386311,0.08662021764400962,0.8635076186617203,-0.8450383056480917,-0.0677190622890751,-0.5376479917119283
-0.8585685447778594,-0.8672593730875291,-0.8367951901550501,-0.7943014049444711,-0.8241825612922863,-0.9500543172670314,-0.961651493748726,-0.954410993513647,-1.035845976055003,-0.8875405908605601,-0.9611379306161643,-0.9172678814145812,-0.8768743249531425,-0.7694666509128488,-0.6542869049131628,-0.8924116190468324,-0.9465956044073859,-1.164400976655218,-1.0061391582429637,-1.0549375202146978,0.638004619399082,0.7032890661266707,0.44371586680232655,0.43588273160696844,0.30129798649789086,0.4060499284168535,0.5252356545196525,0.6078516554797563,0.6456141760722383,0.5485622481598369,0.5685268928532626,0.6422619663510998,0.5141067443810964,0.49038697791546126,0.4978269511842141,0.6394639735425253,0.6539746628325538,0.4711224409380732,0.386388742272024,0.3554270074423505,0.9096680669665052,0.3893886313038879,0.3774896130121259,-0.8071217367998627,0.8576762772473259,0.08560054431311692,-0.4952644423927126,-0.26412241752904086,0.08645696692024796,0.9881291628673696,0.18570657979933602,0.26145837581717246,-0.1406168028920296,0.5679901579340072,0.38083897646841924,-0.04698537472419151,0.13900342124762566,0.14594350416370583,-0.38092379909386054,0.4193599494710043
-1.0468358433106308,-0.881472126628289,-0.8806051294396058,-0.9068364666737738,-0.87278608104301,-0.9928022026160281,-0.9807569403370717,-1.0532993583545405,-1.1083610780067146,-0.9568400146365786,-1.062715530220515,-0.9313585755055444,-1.0002110115065723,-0.9847477556222117,-0.9309826291922804,-1.0846000672737655,-1.0229081038797494,-0.8869958913112855,-0.9781672436355531,-1.0100666037074055,0.7155979855208423,0.6461993741582804,0.7057703982262787,0.4545535605519999,0.37314451653303027,0.7007808607115819,0.6178754220603602,0.4788860181422958,0.40443940046372345,0.3237950000836891,0.39768918631510963,0.5907122540665332,0.5532705982719417,0.5727673903146305,0.5306415184800072,0.6995711661754527,0.7156097619206725,0.5962955307751581,0.6357102271154551,0.5205058687448814,0.5297430354228343,-0.031198028733686822,-0.479764312143935,-0.6311654110065124,-0.9058933181367563,0.787692011820859,0.3224966410693033,-0.6049746726164176,0.5648440824904559,-0.271971090611987,0.8026801872941776,-0.7914953578402386,-0.7845484158517801,-0.2635308157701608,0.3269256640418188,0.06055316591088289,0.643338194510287,0.1894091731759091,-0.637952453137093,-0.20377569128908335
-0.9309622420990058,-0.9059817154400696,-0.9804720726502356,-1.1748043322837691,-0.9339767855151135,-1.1479038116508908,-0.9766888301249588,-1.0492551481691816,-0.9667976615237546,-0.8827181379039226,-0.824936260001119,-0.8449231177560907,-0.9810459133254117,-0.9937580971059525,-0.8953028005108588,-0.9869987109341696,-1.1443167945235857,-0.7684655731376402,-0.9714761934138494,-0.883470310204255,0.5130609261918555,0.34409892044273815,0.4199980962235309,0.4028478346355822,0.3333774345157444,0.5336993798026389,0.19629166670496812,0.30140283888015906,0.5296407368361272,0.4985692478522588,0.5486604722085858,0.4647634094966893,0.5566170128696575,0.551389365610381,0.49723323384413565,0.314224280678553,0.41094260304962643,0.303210430157867,0.544079279316195,0.5159436380746711,-0.7826125433174924,-0.7855187791708225,0.3107687396804135,-0.8087266857819004,0.4965783712219971,-0.232836262298723,0.1892603182797412,0.6583464314935981,0.40662583411024933,0.12223445947828493,-0.2764575045174027,0.9341068045772496,-0.9222764507870624,0.07774804168614269,-0.042318292994781403,0.34744513023123536,-0.5770276094424496,0.21217326380239587,-0.8734914206386171,-0.28728054841320017
-0.9302867571833728,-0.952576200323909,-0.9559783892957373,-1.1280762198575482,-1.1032842570945958,-1.1959869589602683,-0.9715547188514697,-1.129165123125439,-0.9273766071757437,-0.9358726210311352,-0.9895556143281402,-1.0126455287282876,-1.0284229401514178,-1.1927428006767444,-0.8073329388801462,-0.910624897841214,-0.9962846284706508,-1.144818447715471,-1.1300465751513036,-1.1074126358368916,0.5782123834340969,0.6141681484032856,0.5881733552447657,0.6515371173767815,0.3716687479656868,0.5974384923492544,0.39233785643922986,0.6074404942406684,0.3781353964211827,0.6340645546991522,0.4539353363442859,0.396431919059706,0.539568196307028,0.5583388889806384,0.531200418095075,0.553396906783713,0.3819187670511145,0.4238854922525881,0.46668337704020374,0.5348835902965958,0.40868278494942767,-0.807646872429447,0.3100860832447425,0.9103066325726594,-0.8789281320853886,0.32138793903381657,-0.15414784175770557,0.612620668069527,0.5427342495876466,0.577607161574516,0.37602099397819133,-0.14156690488256207,-0.14244256054952698,-0.02723612174605483,-0.8033526791137742,0.38483267395976206,-0.5574299779933554,-0.9640234618383938,0.5940976623241314,-0.4485224830727774
-1.1768818357189215,-1.0343282654243862,-0.9477571529010084,-0.795690286491469,-1.2117319847996098,-0.9292984446326868,-0.967998341686745,-1.1182493652062944,-0.8469882677189889,-0.8663855031435783,-0.9254677490192276,-0.9140724437956163,-1.0359204474798638,-0.914987458142549,-1.171858332183686,-1.0713227169746673,-0.9988709611662955,-1.2289180911334052,-1.0534891544172627,-0.9865325419420848,0.4429762782022912,0.4285430803725363,0.3792496079990186,0.6941399768241766,0.2583863323026139,0.4478533910083948,0.45871699064923144,0.6230388111420699,0.28231235507117447,0.42850613441556273,0.3797959219303848,0.2682511678142399,0.5990234163044541,0.6625650014900877,0.4341572050550327,0.38752702017750396,0.37655711519824697,0.4606653152693894,0.4516069532395963,0.4281940626112159,0.6499395315517553,0.4889853325322129,-0.733222571558614,0.7821823604794766,-0.030610709679358195,-0.034879598260833866,0.09019984422902771,0.403344731023598,0.09189852705325685,0.6397419214971878,0.9594335557869391,-0.4814590743587941,0.30191477350286355,-0.3008411559896611,-0.439830990932742,-0.060974888243944037,-0.5720283553535894,0.10860735973232583,0.0343904920354936,-0.08348857184426528
-1.097851477975097,-0.9635426342280944,-1.006300973705506,-0.9763524453543382,-1.0773836693576815,-0.9151082619396521,-1.1130222538557166,-0.9479749807685236,-1.050297558440877,-0.843505488258258,-1.0276915580150194,-1.0444957178088425,-0.9194310883568024,-1.0119669992111808,-0.9841096479370773,-0.8092434850809902,-1.2156248976101782,-0.914309256389036,-0.9279894170323083,-1.2276394743881336,0.3448429656804036,0.4587438016566085,0.4350328447629632,0.5118705872108286,0.6070461696510855,0.6150190021922657,0.46916234085577796,0.3351386354572572,0.3869426183928862,0.37873390227673354,0.44176539939981474,0.5605081260500581,0.6298752385492044,0.4944888955928588,0.4282795712560101,0.5216898232573908,0.4535901145388879,0.43842186116115495,0.40178070488605794,0.29335400922637944,0.633102273983243,0.8692177245750334,0.10789272542816364,-0.5180381694856602,-0.14501004025210285,-0.6184715201762878,0.7627887433075626,-0.5857613020154049,0.7020059893863375,0.49239365911416644,0.3053781152794284,-0.38066277237998114,-0.45539940964316883,-0.30426380553654253,-0.19411013938058153,-0.6046646957849133,0.029076876594827716,-0.5326129663780508,0.7970438451005524,-0.7914258647593824
-0.9927580116447006,-0.9653146035683864,-1.1973008826023654,-0.8967423668287429,-0.9546334272540781,-1.119252645866237,-1.081115466915708,-0.9837306950534834,-1.0354174817266915,-0.7840186285467715,-1.0462054627390638,-1.0764159656917967,-0.9770337549078907,-1.1272458394579865,-1.1175848373173507,-0.8523894571101998,-0.7986319599434049,-1.1535338099345598,-0.9309001764418351,-0.6678584812855745,0.5565074482761567,0.43487136557177397,0.31172208893280806,0.6224867857433418,0.5974133408086015,0.3816673332787239,0.4421949555296223,0.5146117474973326,0.41073015337433216,0.32789587547406607,0.2830974270668446,0.40248999719498085,0.3234875108804064,0.3559356562574579,0.5087266278524991,0.2099015617824359,0.4367839052895943,0.5503648351925812,0.32843573658285635,0.47599462925706815,0.34022982757954434,0.38831274110707525,-0.297823013355595,-0.45961799476761733,0.016261549266700204,0.20949951884060192,0.17130299738409405,-0.47343200611403646,0.37824707851637895,0.8685006581573975,-0.662858456235975,0.9939906957627285,-0.44171259491312975,0.7727204084706454,-0.9581667830545781,0.5845027359767538,0.3723354771881502,0.2460500752803063,-0.5907037864942111,0.1795862072799621
-1.060052796145533,-1.108272304232799,-0.9083852456101007,-1.0393983968276188,-0.7981903594801094,-0.9662535137387709,-0.9258876053646817,-1.1235299205863198,-1.0783408122378093,-0.9235371773323974,-0.9293449600374504,-0.8821120617739459,-1.1495005356913663,-0.8667692741567579,-0.6971263432378141,-1.0584889264847783,-0.6378391688397882,-1.058513546327783,-0.9091759596099623,-0.9576620926816468,0.4462269519791194,0.48005328926096136,0.653034869069904,0.2953474316426314,0.6762277044777816,0.5397902134174359,0.39117166365920836,0.48621004860371897,0.6365305290365156,0.6287052717403622,0.30727866532639103,0.3577246450306467,0.3549276203411972,0.531868262181576,0.5805940878550057,0.5173505656780083,0.3499989690866642,0.5127025805600182,0.611334402994161,0.5547223736774463,0.6832666195288708,0.3381860894748492,-0.5125132325477977,-0.7865581754756965,0.288037533046273,-0.6140441371350043,0.38692831479939316,-0.312402502628067,0.8494408460321303,0.9462621123210011,-0.49364504150055954,-0.36994325890224267,-0.5522824743837706,-0.4872901603486606,0.06693108959874028,0.023046177361345288,-0.6870393989937085,-0.8148720923004391,0.6856406719480008,0.3502937043138492
-0.9571093754088854,-0.6074427151601959,-0.8144033141050486,-1.0411068255380327,-0.8863013743565925,-0.7638719172069109,-0.949094103479389,-0.890579773259421,-0.698806593444558,-0.8543128078587866,-0.9278996721686982,-0.6570388380184876,-0.7759412354327988,-0.8348593577992331,-0.8724689990753787,-0.7252340774941726,-0.885054158829899,-0.803166816182265,-0.7784371142256848,-0.8395256852868563,0.4020323860321378,0.4936683657955785,0.40626478776234476,0.5257202790055701,0.3794836609819852,0.43820693468740035,0.5330025067487068,0.3612954016890831,0.4542108144297877,0.5256737657538619,0.4493233663648702,0.5127516447598397,0.3672881553314118,0.32017799845538547,0.45064056428013394,0.48240197105734284,0.40835430959360075,0.5293733524336711,0.4865094250112667,0.5696103467679331,0.4283973895199218,0.9516898674683723,0.5455635874636691,-0.9809564406211688,-0.09496272806990169,-0.22294291607740369,-0.2317236916191514,0.4603673215494297,-0.25525617963750546,-0.9186621874405809,-0.7212208920800214,-0.9766528366711662,-0.5826969017135797,0.30749892086886677,-0.28675902597480607,0.21970948202481533,-0.8618146736900616,0.7443038643094808,-0.1722602853215096,-0.3644994305024003
-0.6437469206904017,-0.8209986503948329,-0.7222801507001075,-0.8191100885686894,-0.8958573979468679,-0.9108881920575975,-0.6526997344081807,-0.483458522189757,-0.9123430568653069,-0.8441489025715758,-0.869433647359755,-0.8177294682730141,-0.8418894392737881,-0.7682122955201746,-0.8810665921836532,-0.7021538351949468,-0.8708304535411251,-0.754512439572334,-0.7144957677563458,-0.8091986840552987,0.47623727432866725,0.4260702537312127,0.48924993015173,0.3948758241755286,0.2913088286868406,0.6362898214516193,0.327940012189075,0.23960857592547535,0.5511200009927908,0.45410568185406525,0.35525299444732816,0.40920684795210244,0.45901861910940345,0.3908924920164829,0.39677434527362293,0.3995023407580177,0.37981826535927926,0.44549814480423344,0.3046896676699823,0.4426913181632349,0.18881799581642866,-0.7151954907314146,0.16988686312075707,0.6599090585524539,0.8796318136273735,-0.8639421753128436,0.08293166137180852,0.6062130683184124,0.5816324586006456,0.9680766559669365,0.20943112489480442,0.3394593200671989,-0.36412623622141393,0.7693808648439062,0.3374240842164675,0.34171272086362636,-0.6086391860545917,0.7223112502293054,0.13582058614620607,-0.9143822305238409
-0.6215340500349101,-0.46982191404653806,-0.635928987596005,-0.7269381318516275,-0.46736958873589196,-0.6277307383827508,-0.7822891501354191,-0.6092020391321016,-0.7596793535252354,-0.7253459244367908,-0.5925024926201453,-0.7719762354655273,-0.5149476624068001,-0.7215643226753938,-0.5198084071708384,-0.7309717652891035,-0.707707888991675,-0.7814947955150049,-0.9124505610741424,-0.8882627750203355,0.3605024379025403,0.2771244889604846,0.5511782145185905,0.5374324278191464,0.4681352132414613,0.41904643609836995,0.6359725902379929,0.32818648083475227,0.49290496932733546,0.2570202222461655,0.4334033439139039,0.36350336389972704,0.35209395252714737,0.4988892802861582,0.6099411714887377,0.3834953985487199,0.44407383054279564,0.4131242497604719,0.4103448982665338,0.6297451150589116,0.5409426398790529,-0.35828630486237345,0.2743963333212811,0.5320903589476043,0.5486326815779703,-0.18090729874972,0.1654166635514096,0.5624466855912333,-0.5490802067137475,0.7332456854915494,0.577248895631248,-0.16549847813886354,0.6143630591585285,-0.918035536146993,0.4946878722570254,0.581462858214407,-0.6966084623376356,0.0728135725672332,-0.40823195209548135,0.20630875064741816
-0.30561185272403135,-0.6564012289640648,-0.49962401840375115,-0.6485466816119261,-0.4745695800398243,-0.6794920141132381,-0.5140352353717906,-0.7070209910784412,-0.5165028186240995,-0.44525677768947963,-0.5425829173315966,-0.6404360436447232,-0.5690225888398721,-0.892408577008836,-0.45559926193951644,-0.4512352935305073,-0.5402062751292303,-0.6713192631753141,-0.45328592613013796,-0.6255368045749259,0.363177492514839,0.4272713698851776,0.3513070132575217,0.4398502405264865,0.5982585549359458,0.2796642185495779,0.37115279555224556,0.49976470739462764,0.42373352999590097,0.35419315223437053,0.43393013349476767,0.46338665312193306,0.5036964749954392,0.4545636277752716,0.36579495712182136,0.48241226274498406,0.5539924255421643,0.4878486607695587,0.4533022265675078,0.005142507117885553,0.9358699995495907,-0.9198428674508317,0.05866542801606589,0.2813547369091802,0.24534400683136925,0.430225525093372,-0.44178161365417434,-0.16268487284655442,-0.15165206677170806,-0.48385100337730425,-0.9048093734298881,-0.5092202412505291,-0.19842490077067265,-0.37950247529198955,0.7989607368687597,0.13792982313532098,-0.7358192160612418,0.15938129205804152,0.4299056742274414,-0.8006063743677525
-0.5934884626846024,-0.4311321991771475,-0.16603116122267197,-0.368521745501424,-0.428677992293733,-0.5991638265585647,-0.525614237399111,-0.5324718610817871,-0.39318402365762356,-0.5335643778855523,-0.6166050266426444,-0.5087458535348071,-0.450435164893711,-0.5573802930766345,-0.5498418029880403,-0.5085376745465826,-0.4851995685660511,-0.5514097612312512,-0.562964950478703,-0.49640090911131846,0.2804778085447543,0.21197314515231805,0.6198099183423448,0.3367551672130852,0.4973571324670732,0.47017283138948623,0.2848063921119677,0.35407463654156257,0.3726156254657527,0.3611033598911317,0.36089201774005525,0.28266012909930194,0.3297767417323847,0.48683420023494905,0.41329245526321523,0.35407255364449053,0.1563280742392993,0.2728290453024056,0.45352358403096793,0.3551093906742811,-0.6979457169981427,-0.5142307721405275,-0.5380138971536201,-0.6371149635407367,0.1663972679664225,0.9083605958054461,-0.3787064926316348,-0.7203888617663767,0.750294302184737,0.6198640530933572,-0.8975990649376542,-0.1380594387173315,0.5942430165516102,-0.9705822359114995,-0.7873084385230942,0.7944668715867571,0.49937336196459814,0.7887111203647224,0.8312877040517865,-0.3759467979579081
-0.5145729178761025,-0.2723347263309075,-0.33795635205987296,-0.37031971499935895,-0.43222400071275074,-0.4589607379176879,-0.34686467970783014,-0.2421237030765331,-0.4139162774236184,-0.3418390318517455,-0.36374473078046765,-0.2852022192951457,-0.22895602572037238,-0.4968815280911152,-0.25141803478787533,-0.5406888753019807,-0.5111141995068125,-0.4460254652689043,-0.40523603248636725,-0.2704029011073099,0.3061480940792592,0.1392958606520543,0.4413811555075452,0.3203698106162637,0.462176321400873,0.4112116727400849,0.42473344820830805,0.4449676410258151,0.3559998785681295,0.4531550061337889,0.5289327904048118,0.37296419099194367,0.3809285714979308,0.3970643318944585,0.2586183362023604,0.3615217258452329,0.29581498117256533,0.4310908026459913,0.5266866856920889,0.42409261284933814,0.48191343005985265,-0.6789377626216988,0.011181617724979276,0.4751648733347229,0.26958233289674993,0.9838569353695541,0.3757946080649759,0.3804544572217843,-0.7568515207791775,0.02181458575564843,0.22767444227476785,-0.8363667052207053,-0.40761008033499624,-0.5433608372446963,0.2606191240140794,0.3556479890673687,0.7237325637041772,0.6813930139771949,0.7266905131283801,0.6874263170054189
-0.3688806680372716,-0.1151336504023284,-0.3968161179083289,-0.23862927977191475,-0.16591836734986154,-0.0878392203422236,-0.30340818991867535,-0.26823198793158004,-0.29938992587489355,-0.2026624142122343,-0.314691474388897,-0.36394942961366417,-0.38627036796644765,-0.4510607511988187,-0.01507520366760609,-0.32525381211166543,-0.19870616892170295,-0.12424628281538805,-0.23345222664254456,-0.15722507796616966,0.37386635064289164,0.5326987663549233,0.46865665907573395,0.6111979617979516,0.3035420894514238,0.19959780236186894,0.4438758542767516,0.6265119327892148,0.34846730155591626,0.318322148766629,0.6150096533670768,0.3658205703613646,0.3884849344347903,0.4878545795409363,0.1737466410400801,0.13958745631362918,0.40405442627699495,0.3883053343017915,0.4661915919812658,0.4507329223340967,-0.5400133466251242,-0.7144568033124801,0.09240212301952333,-0.7791920492855493,-0.47641713710505607,-0.07747456601811198,-0.9489470670434039,-0.19846696355957372,-0.53188685338266,-0.2373778814484535,-0.9676932734279884,-0.2778033292175164,-0.8024064451224666,-0.8935664978448978,-0.6651240061440578,-0.8218170265178752,0.3021465138967827,0.4289797444416279,0.9837780054183622,0.055965849834189285
-0.10304147130176561,-0.09022454862791601,-0.17720118813492192,0.015375709368175977,-0.1820020822542416,-0.21637363198025097,-0.009787997969063017,-0.15402712936146695,-0.1899349385930884,-0.026829579163440614,-0.36181933226562524,-0.24667003512361657,-0.21805303083298888,-0.22688457021715303,-0.008966297214183405,-0.1933733957807572,-0.09460350771573539,-0.227931885968002,-0.177550651145298,-0.07526514264701334,0.3314321632826846,0.45962040837549023,0.34652654748915046,0.485894523508386,0.14051237538371109,0.4286580767351166,0.45869173356418436,0.45232126376128545,0.2611991762555592,0.24814104709344423,0.44183726149145486,0.3527222419319839,0.26854137333610545,0.36836858200498657,0.36412272331548157,0.4137871279398455,0.3652563091877372,0.3728934911166595,0.2069219008976494,0.4815623390097482,-0.5999466390147787,-0.8737111207363173,0.7129800409107998,-0.18105594003207814,-0.11723759605813,-0.46448024053775394,-0.14574508311535284,-0.6697241597993362,0.8692286220859853,0.14209955688535958,0.30550182878626386,0.9328504908744097,0.6098801099725073,0.44147167436207035,0.6772152678227632,0.13225728698711814,-0.9533762630209943,0.4258196596181636,-0.9839465092431445,-0.5847015492866154
0.06626318288891561,-0.010219529414825616,-0.05069102998041991,0.02554080794676171,-0.11096406474389231,-0.03828152989520428,-0.151342933464549,-0.15170755737746208,-0.16605487170634955,-0.056340115142502006,0.11616722403061572,-0.02665393456671971,0.1497719157698243,-0.16844282911758177,0.026855713930986177,-0.10424795287508692,0.006585730210250832,-0.015365335841389908,0.1282254110489381,0.05797038193362454,0.4007817855502682,0.11423690572761142,0.16665261177425136,0.2934253738774318,0.37826514361364155,0.4152326769068969,0.19771388192814587,0.25228106646662585,0.3748188195614666,0.3331865932531848,0.43669404287480706,0.29828317983463887,0.5588147229559681,0.3061284304199281,0.14138612097420247,0.375806574860399,0.35613761765000856,0.3754895676859893,0.3870033935949356,0.27502172861044644,0.8852725391107166,-0.99460455752642,0.9176617143310681,-0.4078686073187312,-0.9530477972392561,0.12855401453310678,0.7544091026261521,-0.09288815263883698,0.9025202359113274,-0.9735850204511494,0.5242882434923506,0.10442230139073305,0.7528520080276122,-0.022772294015494632,-0.6717059782587553,-0.37253656882758146,-0.874395905107384,-0.5646639985495281,0.025768489394070837,0.7764233904982021
